Type,Name,Request Count,Failure Count,Median Response Time,Average Response Time,Min Response Time,Max Response Time,Average Content Size,Requests/s,Failures/s,50%,66%,75%,80%,90%,95%,98%,99%,99.9%,99.99%,100%
POST,/predict-without-onnx,130088,0,85,86.75838691733607,13.36802500009071,216.76045300046098,35.0,1090.3216455837844,0.0,85,90,92,94,100,110,150,160,190,200,220
,Aggregated,130088,0,85,86.75838691733607,13.36802500009071,216.76045300046098,35.0,1090.3216455837844,0.0,85,90,92,94,100,110,150,160,190,200,220
