Type,Name,Request Count,Failure Count,Median Response Time,Average Response Time,Min Response Time,Max Response Time,Average Content Size,Requests/s,Failures/s,50%,66%,75%,80%,90%,95%,98%,99%,99.9%,99.99%,100%
POST,/predict,165939,0,65,67.47862626932825,14.9780979991192,184.28504400071688,37.0,1389.520838327225,0.0,65,68,70,72,77,84,99,140,160,180,180
,Aggregated,165939,0,65,67.47862626932825,14.9780979991192,184.28504400071688,37.0,1389.520838327225,0.0,65,68,70,72,77,84,99,140,160,180,180
