Type,Name,Request Count,Failure Count,Median Response Time,Average Response Time,Min Response Time,Max Response Time,Average Content Size,Requests/s,Failures/s,50%,66%,75%,80%,90%,95%,98%,99%,99.9%,99.99%,100%
POST,/predict,161880,0,66,68.74553088839266,9.210464000716456,225.821600000927,18.0,1354.8935076372243,0.0,66,69,72,74,81,88,120,130,160,200,230
,Aggregated,161880,0,66,68.74553088839266,9.210464000716456,225.821600000927,18.0,1354.8935076372243,0.0,66,69,72,74,81,88,120,130,160,200,230
