Type,Name,Request Count,Failure Count,Median Response Time,Average Response Time,Min Response Time,Max Response Time,Average Content Size,Requests/s,Failures/s,50%,66%,75%,80%,90%,95%,98%,99%,99.9%,99.99%,100%
POST,/predict,165623,0,65,67.41148222955997,8.559051000702311,173.65956899993762,18.0,1386.7826278157825,0.0,65,68,70,72,78,85,110,130,150,170,170
,Aggregated,165623,0,65,67.41148222955997,8.559051000702311,173.65956899993762,18.0,1386.7826278157825,0.0,65,68,70,72,78,85,110,130,150,170,170
