Type,Name,Request Count,Failure Count,Median Response Time,Average Response Time,Min Response Time,Max Response Time,Average Content Size,Requests/s,Failures/s,50%,66%,75%,80%,90%,95%,98%,99%,99.9%,99.99%,100%
POST,/predict-without-onnx,149383,0,74,75.33698794740856,19.539141001587268,199.0970919996471,16.0,1251.5004226346086,0.0,74,77,80,81,87,94,110,140,160,190,200
,Aggregated,149383,0,74,75.33698794740856,19.539141001587268,199.0970919996471,16.0,1251.5004226346086,0.0,74,77,80,81,87,94,110,140,160,190,200
