Type,Name,Request Count,Failure Count,Median Response Time,Average Response Time,Min Response Time,Max Response Time,Average Content Size,Requests/s,Failures/s,50%,66%,75%,80%,90%,95%,98%,99%,99.9%,99.99%,100%
POST,/predict-without-onnx,12288,0,810.0,921.1137648201606,56.253714001286426,20666.99332099961,16.0,103.11151726145857,0.0,810,880,940,980,1200,1700,3100,4300,10000,16000,21000
,Aggregated,12288,0,810.0,921.1137648201606,56.253714001286426,20666.99332099961,16.0,103.11151726145857,0.0,810,880,940,980,1200,1700,3100,4300,10000,16000,21000
