Type,Name,Request Count,Failure Count,Median Response Time,Average Response Time,Min Response Time,Max Response Time,Average Content Size,Requests/s,Failures/s,50%,66%,75%,80%,90%,95%,98%,99%,99.9%,99.99%,100%
POST,/predict,137563,0,74,77.9563168987054,14.634920000389684,395.0216339999315,18.0,1147.4043337891383,0.0,74,79,84,87,96,110,160,200,320,350,400
,Aggregated,137563,0,74,77.9563168987054,14.634920000389684,395.0216339999315,18.0,1147.4043337891383,0.0,74,79,84,87,96,110,160,200,320,350,400
