Type,Name,Request Count,Failure Count,Median Response Time,Average Response Time,Min Response Time,Max Response Time,Average Content Size,Requests/s,Failures/s,50%,66%,75%,80%,90%,95%,98%,99%,99.9%,99.99%,100%
POST,/predict-without-onnx,142899,0,77,78.90655817107053,13.897230001020944,228.82978699999512,16.0,1197.5842171610557,0.0,77,81,83,85,92,100,130,140,170,190,230
,Aggregated,142899,0,77,78.90655817107053,13.897230001020944,228.82978699999512,16.0,1197.5842171610557,0.0,77,81,83,85,92,100,130,140,170,190,230
