Type,Name,Request Count,Failure Count,Median Response Time,Average Response Time,Min Response Time,Max Response Time,Average Content Size,Requests/s,Failures/s,50%,66%,75%,80%,90%,95%,98%,99%,99.9%,99.99%,100%
POST,/predict,122882,0,74,84.94037714236259,15.038283000649244,552.2008749994711,18.0,1031.48062431263,0.0,74,81,86,90,110,170,280,320,430,470,550
,Aggregated,122882,0,74,84.94037714236259,15.038283000649244,552.2008749994711,18.0,1031.48062431263,0.0,74,81,86,90,110,170,280,320,430,470,550
