Type,Name,Request Count,Failure Count,Median Response Time,Average Response Time,Min Response Time,Max Response Time,Average Content Size,Requests/s,Failures/s,50%,66%,75%,80%,90%,95%,98%,99%,99.9%,99.99%,100%
POST,/predict-without-onnx,40059,0,170.0,195.06994020539727,36.147349999737344,51649.54967199992,16.0,335.82183278759135,0.0,170,180,190,200,230,280,530,720,2800,17000,52000
,Aggregated,40059,0,170.0,195.06994020539727,36.147349999737344,51649.54967199992,16.0,335.82183278759135,0.0,170,180,190,200,230,280,530,720,2800,17000,52000
